-- ================================================================
--  SMART EVACUATION NAVIGATION SYSTEM
--  SQL Server|  Physical Implementation
-- ================================================================

USE SmartEvacuationDB;
GO

-- CHAPTER 3 : DML - DATA INSERTION
-- ================================================================

-- BUILDING (40 rows)
INSERT INTO BUILDING (building_name, address, building_type, total_floors) VALUES
('Grand Mall',        '12 Commerce Blvd, Yerevan',    'Shopping Mall', 5),
('Tower One',         '45 Republic Ave, Yerevan',     'Office Tower',  5),
('City Hospital',     '78 Health St, Yerevan',        'Hospital',      5),
('State University',  '200 Education Rd, Gyumri',     'University',    5),
('Zvartnots Airport', 'Airport Highway, Yerevan',     'Airport',       5),
('Tech Hub',          '33 Innovation Park, Yerevan',  'Office Tower',  5),
('North Stadium',     '1 Sports Ave, Vanadzor',       'Stadium',       5),
('Royal Hotel',       '90 King St, Yerevan',          'Hotel',         5),
('Mega Market',       '5 Trade Rd, Abovyan',          'Shopping Mall', 4),
('Science Academy',   '77 Research Blvd, Yerevan',    'University',    4),
('Green Park Mall',   '22 Park Ave, Yerevan',         'Shopping Mall', 3),
('Medical Center B',  '15 Doctor St, Gyumri',         'Hospital',      4),
('Business Tower A',  '101 Finance Blvd, Yerevan',    'Office Tower',  6),
('Artashat Stadium',  '8 Sport Rd, Artashat',         'Stadium',       3),
('Silk Road Hotel',   '55 Tourism Ave, Yerevan',      'Hotel',         7),
('East Mall',         '30 East Blvd, Vanadzor',       'Shopping Mall', 4),
('University B',      '88 Scholar St, Yerevan',       'University',    5),
('Innovation Hub',    '42 Startup Ave, Yerevan',      'Office Tower',  4),
('Airport Terminal B','Airport West Wing, Yerevan',   'Airport',       2),
('Concert Hall',      '5 Music Blvd, Yerevan',        'Stadium',       3),
('Riverside Hotel',   '12 River Rd, Gyumri',          'Hotel',         5),
('City Market',       '9 Market St, Abovyan',         'Shopping Mall', 2),
('Tech College',      '61 Tech Park, Yerevan',        'University',    3),
('Pharma Building',   '14 Health Ave, Yerevan',       'Hospital',      4),
('Logistics Center',  '77 Cargo Rd, Yerevan',         'Office Tower',  3),
('Valley Mall',       '3 Valley Rd, Vanadzor',        'Shopping Mall', 3),
('Sports Complex',    '20 Olympic Ave, Yerevan',      'Stadium',       4),
('Grand Hotel B',     '66 Royal St, Yerevan',         'Hotel',         6),
('West Tower',        '88 West Ave, Yerevan',         'Office Tower',  5),
('Central Library',   '1 Knowledge St, Gyumri',       'University',    3),
('Pediatric Hospital','33 Children Blvd, Yerevan',    'Hospital',      5),
('Marina Mall',       '7 Coast Ave, Yerevan',         'Shopping Mall', 4),
('Data Center A',     '19 Server Rd, Yerevan',        'Office Tower',  3),
('Film Studio',       '44 Cinema St, Yerevan',        'Stadium',       2),
('Mountain Hotel',    '5 Alpine Rd, Dilijan',         'Hotel',         4),
('National Archive',  '2 History Blvd, Yerevan',      'University',    3),
('Emergency Clinic',  '27 First Aid St, Yerevan',     'Hospital',      3),
('Fashion Hub',       '15 Style Ave, Yerevan',        'Shopping Mall', 3),
('IT Campus',         '50 Code Blvd, Yerevan',        'Office Tower',  4),
('Palace Hotel',      '1 Palace Sq, Yerevan',         'Hotel',         8);
GO

-- FLOOR (50 rows)
INSERT INTO FLOOR (building_id, floor_number, map_reference, height_meters) VALUES
(1,0,'GM-F0',4.00),(1,1,'GM-F1',5.00),(1,2,'GM-F2',5.00),(1,3,'GM-F3',5.00),(1,4,'GM-F4',5.00),
(2,1,'T1-F1',4.50),(2,2,'T1-F2',4.50),(2,3,'T1-F3',4.50),(2,4,'T1-F4',4.50),(2,5,'T1-F5',4.50),
(3,1,'CH-F1',4.20),(3,2,'CH-F2',4.20),(3,3,'CH-F3',4.20),(3,4,'CH-F4',4.20),(3,5,'CH-F5',4.20),
(4,0,'SU-F0',3.80),(4,1,'SU-F1',3.80),(4,2,'SU-F2',3.80),(4,3,'SU-F3',3.80),(4,4,'SU-F4',3.80),
(5,0,'ZA-F0',5.50),(5,1,'ZA-F1',5.50),(5,2,'ZA-F2',5.50),(5,3,'ZA-F3',5.50),(5,4,'ZA-F4',5.50),
(6,1,'TH-F1',4.00),(6,2,'TH-F2',4.00),(6,3,'TH-F3',4.00),(6,4,'TH-F4',4.00),(6,5,'TH-F5',4.00),
(7,0,'NS-F0',6.00),(7,1,'NS-F1',6.00),(7,2,'NS-F2',6.00),(7,3,'NS-F3',6.00),(7,4,'NS-F4',6.00),
(8,1,'RH-F1',3.60),(8,2,'RH-F2',3.60),(8,3,'RH-F3',3.60),(8,4,'RH-F4',3.60),(8,5,'RH-F5',3.60),
(9,0,'MM-F0',4.50),(9,1,'MM-F1',4.50),(9,2,'MM-F2',4.50),(9,3,'MM-F3',4.50),
(10,0,'SA-F0',4.00),(10,1,'SA-F1',4.00),(10,2,'SA-F2',4.00),(10,3,'SA-F3',4.00),
(1,5,'GM-F5',5.00),(1,6,'GM-F6',5.00),
(2,6,'T1-F6',4.50),(2,7,'T1-F7',4.50),(2,8,'T1-F8',4.50);
GO

-- ZONE (50 rows)
INSERT INTO ZONE (floor_id, zone_name, zone_type) VALUES
(1,'Basement Parking',    'parking'),
(2,'Main Entrance Lobby', 'lobby'),
(3,'Food Court',          'hallway'),
(3,'Fashion Zone',        'hallway'),
(4,'Cinema Lobby',        'lobby'),
(4,'Kids Zone',           'room'),
(6,'Reception Area',      'lobby'),
(7,'Open Office 2A',      'room'),
(7,'Server Room',         'room'),
(8,'Conference Room 3A',  'room'),
(9,'Executive Lounge',    'lobby'),
(11,'ER Lobby',           'lobby'),
(11,'Triage Room',        'room'),
(12,'Ward A',             'room'),
(12,'Ward B',             'room'),
(13,'Pharmacy',           'room'),
(16,'University Lobby',   'lobby'),
(16,'Auditorium',         'room'),
(17,'Library',            'room'),
(17,'Study Hall',         'room'),
(18,'Computer Lab',       'room'),
(21,'Departures Hall',    'lobby'),
(21,'Check-in Area',      'room'),
(22,'Gate A Lounge',      'room'),
(22,'Gate B Lounge',      'room'),
(23,'Security Zone',      'room'),
(26,'Tech Lobby',         'lobby'),
(26,'Lab Room 1',         'room'),
(27,'Lab Room 2',         'room'),
(27,'Meeting Room 3A',    'room'),
(28,'Rooftop Access',     'hallway'),
(31,'Gate North',         'lobby'),
(31,'Concourse A',        'hallway'),
(32,'Concourse B',        'hallway'),
(32,'VIP Lounge',         'room'),
(33,'Media Room',         'room'),
(36,'Hotel Lobby',        'lobby'),
(36,'Restaurant',         'room'),
(37,'Conference Hall',    'room'),
(37,'Gym',                'room'),
(38,'Spa',                'room'),
(41,'Market Floor',       'room'),
(41,'Bakery Section',     'room'),
(42,'Electronics',        'room'),
(42,'Clothing Section',   'room'),
(45,'Research Lobby',     'lobby'),
(45,'Lab Alpha',          'room'),
(46,'Lab Beta',           'room'),
(46,'Seminar Room',       'room'),
(47,'Director Office',    'room');
GO

-- BEACON (50 rows)
INSERT INTO BEACON (floor_id, zone_id, uuid, major_value, minor_value, install_date, status) VALUES
(1,  1,  'bc01-1111-0000-0000-000000000001', 1,  1,  '2023-01-10', 'active'),
(2,  2,  'bc02-1111-0000-0000-000000000002', 1,  2,  '2023-01-11', 'active'),
(3,  3,  'bc03-1111-0000-0000-000000000003', 1,  3,  '2023-01-12', 'active'),
(3,  4,  'bc04-1111-0000-0000-000000000004', 1,  4,  '2023-01-12', 'inactive'),
(4,  5,  'bc05-1111-0000-0000-000000000005', 1,  5,  '2023-01-13', 'active'),
(5,  6,  'bc06-1111-0000-0000-000000000006', 1,  6,  '2023-01-14', 'active'),
(6,  7,  'bc07-1111-0000-0000-000000000007', 2,  1,  '2023-02-01', 'active'),
(7,  8,  'bc08-1111-0000-0000-000000000008', 2,  2,  '2023-02-02', 'active'),
(7,  9,  'bc09-1111-0000-0000-000000000009', 2,  3,  '2023-02-02', 'inactive'),
(8,  10, 'bc10-1111-0000-0000-000000000010', 2,  4,  '2023-02-03', 'active'),
(9,  11, 'bc11-1111-0000-0000-000000000011', 2,  5,  '2023-02-04', 'active'),
(10, NULL,'bc12-1111-0000-0000-000000000012', 2, 6,  '2023-02-05', 'active'),
(11, 12, 'bc13-1111-0000-0000-000000000013', 3,  1,  '2023-03-01', 'active'),
(11, 13, 'bc14-1111-0000-0000-000000000014', 3,  2,  '2023-03-01', 'active'),
(12, 14, 'bc15-1111-0000-0000-000000000015', 3,  3,  '2023-03-02', 'active'),
(12, 15, 'bc16-1111-0000-0000-000000000016', 3,  4,  '2023-03-02', 'inactive'),
(13, 16, 'bc17-1111-0000-0000-000000000017', 3,  5,  '2023-03-03', 'active'),
(14, NULL,'bc18-1111-0000-0000-000000000018', 3, 6,  '2023-03-04', 'active'),
(16, 17, 'bc19-1111-0000-0000-000000000019', 4,  1,  '2023-04-01', 'active'),
(16, 18, 'bc20-1111-0000-0000-000000000020', 4,  2,  '2023-04-01', 'active'),
(17, 19, 'bc21-1111-0000-0000-000000000021', 4,  3,  '2023-04-02', 'active'),
(17, 20, 'bc22-1111-0000-0000-000000000022', 4,  4,  '2023-04-02', 'inactive'),
(18, 21, 'bc23-1111-0000-0000-000000000023', 4,  5,  '2023-04-03', 'active'),
(21, 22, 'bc24-1111-0000-0000-000000000024', 5,  1,  '2023-05-01', 'active'),
(21, 23, 'bc25-1111-0000-0000-000000000025', 5,  2,  '2023-05-01', 'active'),
(22, 24, 'bc26-1111-0000-0000-000000000026', 5,  3,  '2023-05-02', 'active'),
(22, 25, 'bc27-1111-0000-0000-000000000027', 5,  4,  '2023-05-02', 'inactive'),
(23, 26, 'bc28-1111-0000-0000-000000000028', 5,  5,  '2023-05-03', 'active'),
(26, 27, 'bc29-1111-0000-0000-000000000029', 6,  1,  '2023-06-01', 'active'),
(26, 28, 'bc30-1111-0000-0000-000000000030', 6,  2,  '2023-06-01', 'active'),
(27, 29, 'bc31-1111-0000-0000-000000000031', 6,  3,  '2023-06-02', 'active'),
(27, 30, 'bc32-1111-0000-0000-000000000032', 6,  4,  '2023-06-02', 'inactive'),
(28, 31, 'bc33-1111-0000-0000-000000000033', 6,  5,  '2023-06-03', 'active'),
(31, 32, 'bc34-1111-0000-0000-000000000034', 7,  1,  '2023-07-01', 'active'),
(31, 33, 'bc35-1111-0000-0000-000000000035', 7,  2,  '2023-07-01', 'active'),
(32, 34, 'bc36-1111-0000-0000-000000000036', 7,  3,  '2023-07-02', 'active'),
(32, 35, 'bc37-1111-0000-0000-000000000037', 7,  4,  '2023-07-02', 'inactive'),
(33, NULL,'bc38-1111-0000-0000-000000000038', 7, 5,  '2023-07-03', 'active'),
(36, 36, 'bc39-1111-0000-0000-000000000039', 8,  1,  '2023-08-01', 'active'),
(36, 37, 'bc40-1111-0000-0000-000000000040', 8,  2,  '2023-08-01', 'active'),
(37, 38, 'bc41-1111-0000-0000-000000000041', 8,  3,  '2023-08-02', 'active'),
(37, 39, 'bc42-1111-0000-0000-000000000042', 8,  4,  '2023-08-02', 'inactive'),
(38, 40, 'bc43-1111-0000-0000-000000000043', 8,  5,  '2023-08-03', 'active'),
(41, 41, 'bc44-1111-0000-0000-000000000044', 9,  1,  '2023-09-01', 'active'),
(41, 42, 'bc45-1111-0000-0000-000000000045', 9,  2,  '2023-09-01', 'active'),
(42, 43, 'bc46-1111-0000-0000-000000000046', 9,  3,  '2023-09-02', 'active'),
(45, 44, 'bc47-1111-0000-0000-000000000047', 10, 1,  '2023-10-01', 'active'),
(45, 45, 'bc48-1111-0000-0000-000000000048', 10, 2,  '2023-10-01', 'active'),
(46, 46, 'bc49-1111-0000-0000-000000000049', 10, 3,  '2023-10-02', 'active'),
(47, 50, 'bc50-1111-0000-0000-000000000050', 10, 4,  '2023-10-03', 'inactive');
GO

-- EXIT_POINT (50 rows)
INSERT INTO EXIT_POINT (floor_id, zone_id, exit_name, exit_type, is_emergency_exit, status) VALUES
(1,  1,  'Basement Exit A',       'fire escape',    1, 'available'),
(1,  1,  'Basement Exit B',       'door',           0, 'available'),
(2,  2,  'Main Entrance',         'door',           0, 'available'),
(2,  2,  'Side Entrance',         'door',           0, 'available'),
(3,  3,  'Food Court Exit',       'door',           0, 'available'),
(3,  4,  'Fashion Zone Fire Exit','fire escape',    1, 'available'),
(4,  5,  'Cinema Emergency Exit', 'fire escape',    1, 'available'),
(4,  5,  'Cinema Stairwell',      'stairwell exit', 1, 'blocked'),
(4,  6,  'Kids Zone Exit',        'door',           0, 'available'),
(5,  NULL,'Top Floor Exit',       'door',           0, 'available'),
(6,  7,  'Reception Exit',        'door',           0, 'available'),
(6,  7,  'Reception Emergency',   'fire escape',    1, 'available'),
(7,  8,  'Office Floor 2 Exit',   'door',           0, 'available'),
(7,  9,  'Server Room Exit',      'stairwell exit', 1, 'available'),
(8,  10, 'Floor 3 Main Exit',     'door',           0, 'blocked'),
(8,  10, 'Floor 3 Emergency',     'fire escape',    1, 'available'),
(9,  11, 'Executive Exit',        'fire escape',    1, 'available'),
(10, NULL,'Tower Top Exit',       'door',           0, 'available'),
(11, 12, 'ER Main Exit',          'door',           0, 'available'),
(11, 13, 'Triage Emergency Exit', 'fire escape',    1, 'available'),
(12, 14, 'Ward A Exit',           'door',           0, 'available'),
(12, 15, 'Ward B Emergency',      'fire escape',    1, 'available'),
(13, 16, 'Pharmacy Exit',         'door',           0, 'available'),
(14, NULL,'Hospital Floor 4',     'stairwell exit', 1, 'available'),
(15, NULL,'Hospital Roof Exit',   'fire escape',    1, 'available'),
(16, 17, 'University Main Exit',  'door',           0, 'available'),
(16, 18, 'Auditorium Emergency',  'fire escape',    1, 'available'),
(17, 19, 'Library Exit',          'door',           0, 'available'),
(17, 20, 'Study Hall Exit',       'fire escape',    1, 'available'),
(18, 21, 'Computer Lab Exit',     'door',           0, 'available'),
(21, 22, 'Departures Exit A',     'door',           0, 'available'),
(21, 23, 'Check-in Emergency',    'fire escape',    1, 'available'),
(22, 24, 'Gate A Exit',           'door',           0, 'available'),
(22, 25, 'Gate B Emergency',      'fire escape',    1, 'available'),
(23, 26, 'Security Zone Exit',    'stairwell exit', 1, 'available'),
(26, 27, 'Tech Lobby Exit',       'door',           0, 'available'),
(26, 28, 'Lab 1 Emergency',       'fire escape',    1, 'available'),
(27, 29, 'Lab 2 Exit',            'door',           0, 'available'),
(27, 30, 'Meeting Room Exit',     'fire escape',    1, 'available'),
(28, 31, 'Rooftop Exit',          'door',           0, 'available'),
(31, 32, 'Stadium Gate North',    'door',           0, 'available'),
(31, 33, 'Concourse A Exit',      'fire escape',    1, 'available'),
(32, 34, 'Concourse B Exit',      'door',           0, 'available'),
(32, 35, 'VIP Emergency',         'fire escape',    1, 'available'),
(36, 36, 'Hotel Lobby Exit',      'door',           0, 'available'),
(36, 37, 'Restaurant Emergency',  'fire escape',    1, 'available'),
(37, 38, 'Conf Hall Exit',        'door',           0, 'available'),
(41, 41, 'Market Main Exit',      'door',           0, 'available'),
(41, 42, 'Bakery Emergency',      'fire escape',    1, 'available'),
(45, 44, 'Research Lobby Exit',   'door',           0, 'available'),
(45, 45, 'Lab Alpha Emergency',   'fire escape',    1, 'available');
GO

-- STAIRCASE (40 rows)
INSERT INTO STAIRCASE (building_id, staircase_name, type) VALUES
(1, 'GM-Stair-A','emergency'),(1, 'GM-Stair-B','service'),
(2, 'T1-Stair-A','emergency'),(2, 'T1-Stair-B','service'),
(3, 'CH-Stair-A','emergency'),(3, 'CH-Stair-B','service'),
(4, 'SU-Stair-A','emergency'),(4, 'SU-Stair-B','service'),
(5, 'ZA-Stair-A','emergency'),
(6, 'TH-Stair-A','emergency'),(6, 'TH-Stair-B','service'),
(7, 'NS-Stair-A','emergency'),
(8, 'RH-Stair-A','emergency'),(8, 'RH-Stair-B','service'),
(9, 'MM-Stair-A','emergency'),
(10,'SA-Stair-A','emergency'),
(11,'GP-Stair-A','emergency'),
(12,'MC-Stair-A','emergency'),
(13,'BT-Stair-A','emergency'),(13,'BT-Stair-B','service'),
(14,'AS-Stair-A','emergency'),
(15,'SR-Stair-A','emergency'),(15,'SR-Stair-B','service'),
(16,'EM-Stair-A','emergency'),
(17,'UB-Stair-A','emergency'),
(18,'IH-Stair-A','emergency'),
(19,'AT-Stair-A','emergency'),
(20,'CH-Stair-X','emergency'),
(21,'RH-Stair-X','emergency'),
(22,'CM-Stair-A','emergency'),
(23,'TC-Stair-A','emergency'),
(24,'PB-Stair-A','emergency'),
(25,'LC-Stair-A','emergency'),
(26,'VM-Stair-A','emergency'),
(27,'SC-Stair-A','emergency'),
(28,'GH-Stair-A','emergency'),(28,'GH-Stair-B','service'),
(29,'WT-Stair-A','emergency'),
(30,'CL-Stair-A','emergency'),
(31,'PH-Stair-A','emergency'),
(32,'MM2-Stair-A','emergency'),
(33,'DC-Stair-A','emergency'),
(34,'FS-Stair-A','emergency'),
(35,'MN-Stair-A','emergency'),
(36,'NA-Stair-A','emergency'),
(37,'EC-Stair-A','emergency'),
(38,'FH-Stair-A','emergency'),
(39,'IT-Stair-A','emergency'),
(40,'PL-Stair-A','emergency');
GO

-- STAIRCASE_FLOOR (42 rows)
INSERT INTO STAIRCASE_FLOOR (staircase_id, floor_id) VALUES
(1,1),(1,2),(1,3),(1,4),(1,5),
(2,6),(2,7),(2,8),(2,9),(2,10),
(3,11),(3,12),(3,13),(3,14),(3,15),
(4,16),(4,17),(4,18),(4,19),(4,20),
(5,21),(5,22),(5,23),(5,24),(5,25),
(6,26),(6,27),(6,28),(6,29),(6,30),
(7,31),(7,32),(7,33),(7,34),(7,35),
(8,36),(8,37),(8,38),(8,39),(8,40),
(9,41),(9,42);
GO

-- USER_ACCOUNT (45 rows)
INSERT INTO USER_ACCOUNT (full_name, phone, email, role, company_name) VALUES
('Alice Johnson',  '+37491001001','alice@evacsys.com',   'admin',    'Grand Mall Mgmt'),
('Bob Smith',      '+37491001002','bob@evacsys.com',     'occupant', 'Grand Mall Mgmt'),
('Carol White',    '+37491001003','carol@evacsys.com',   'admin',    'Tower One Corp'),
('David Brown',    '+37491001004','david@evacsys.com',   'occupant', 'Tower One Corp'),
('Eve Davis',      '+37491001005','eve@evacsys.com',     'occupant', 'City Hospital'),
('Frank Miller',   '+37491001006','frank@evacsys.com',   'admin',    'City Hospital'),
('Grace Wilson',   '+37491001007','grace@evacsys.com',   'occupant', 'State University'),
('Hank Moore',     '+37491001008','hank@evacsys.com',    'admin',    'State University'),
('Ivy Taylor',     '+37491001009','ivy@evacsys.com',     'occupant', 'Zvartnots Airport'),
('Jack Anderson',  '+37491001010','jack@evacsys.com',    'admin',    'Zvartnots Airport'),
('Karen Thomas',   '+37491001011','karen@evacsys.com',   'occupant', 'Tech Hub'),
('Leo Jackson',    '+37491001012','leo@evacsys.com',     'admin',    'Tech Hub'),
('Mia Harris',     '+37491001013','mia@evacsys.com',     'occupant', 'North Stadium'),
('Nick Martin',    '+37491001014','nick@evacsys.com',    'admin',    'North Stadium'),
('Olivia Garcia',  '+37491001015','olivia@evacsys.com',  'occupant', 'Royal Hotel'),
('Paul Martinez',  '+37491001016','paul@evacsys.com',    'admin',    'Royal Hotel'),
('Quinn Robinson', '+37491001017','quinn@evacsys.com',   'occupant', 'Mega Market'),
('Rachel Clark',   '+37491001018','rachel@evacsys.com',  'admin',    'Mega Market'),
('Sam Rodriguez',  '+37491001019','sam@evacsys.com',     'occupant', 'Science Academy'),
('Tina Lewis',     '+37491001020','tina@evacsys.com',    'admin',    'Science Academy'),
('Uma Lee',        '+37491001021','uma@evacsys.com',     'occupant', 'Grand Mall Mgmt'),
('Victor Walker',  '+37491001022','victor@evacsys.com',  'occupant', 'Tower One Corp'),
('Wendy Hall',     '+37491001023','wendy@evacsys.com',   'occupant', 'City Hospital'),
('Xander Allen',   '+37491001024','xander@evacsys.com',  'occupant', 'State University'),
('Yasmine Young',  '+37491001025','yasmine@evacsys.com', 'occupant', 'Zvartnots Airport'),
('Zane Hernandez', '+37491001026','zane@evacsys.com',    'occupant', 'Tech Hub'),
('Ava King',       '+37491001027','ava@evacsys.com',     'occupant', 'North Stadium'),
('Ben Wright',     '+37491001028','ben@evacsys.com',     'occupant', 'Royal Hotel'),
('Chloe Lopez',    '+37491001029','chloe@evacsys.com',   'occupant', 'Mega Market'),
('Dylan Hill',     '+37491001030','dylan@evacsys.com',   'occupant', 'Science Academy'),
('Ella Scott',     '+37491001031','ella@evacsys.com',    'occupant', 'Grand Mall Mgmt'),
('Finn Green',     '+37491001032','finn@evacsys.com',    'occupant', 'Tower One Corp'),
('Gia Adams',      '+37491001033','gia@evacsys.com',     'occupant', 'City Hospital'),
('Harry Baker',    '+37491001034','harry@evacsys.com',   'occupant', 'State University'),
('Isla Carter',    '+37491001035','isla@evacsys.com',    'occupant', 'Zvartnots Airport'),
('Jake Mitchell',  '+37491001036','jake@evacsys.com',    'occupant', 'Tech Hub'),
('Kara Perez',     '+37491001037','kara@evacsys.com',    'occupant', 'North Stadium'),
('Liam Roberts',   '+37491001038','liam@evacsys.com',    'occupant', 'Royal Hotel'),
('Maya Turner',    '+37491001039','maya@evacsys.com',    'occupant', 'Mega Market'),
('Noah Phillips',  '+37491001040','noah@evacsys.com',    'occupant', 'Science Academy'),
('Ora Campbell',   '+37491001041','ora@evacsys.com',     'occupant', 'Grand Mall Mgmt'),
('Pete Parker',    '+37491001042','pete@evacsys.com',    'occupant', 'Tower One Corp'),
('Rose Evans',     '+37491001043','rose@evacsys.com',    'occupant', 'City Hospital'),
('Sean Edwards',   '+37491001044','sean@evacsys.com',    'occupant', 'State University'),
('Tara Collins',   '+37491001045','tara@evacsys.com',    'occupant', 'Zvartnots Airport');
GO

-- EMPLOYEE (45 rows)
INSERT INTO EMPLOYEE (user_id,building_id,zone_id,job_title,department,work_place,shift_start,shift_end,hire_date,salary,status) VALUES
(1, 1,2,'Mall Manager',       'Management', 'Grand Mall HQ',     '08:00','17:00','2019-03-01',2500.00,'active'),
(2, 1,3,'Cashier',            'Retail',     'Food Court',        '09:00','18:00','2020-05-15', 900.00,'active'),
(3, 2,7,'Admin Director',     'Management', 'Tower One HQ',      '08:00','17:00','2018-01-10',3000.00,'active'),
(4, 2,8,'Developer',          'IT',         'Open Office 2A',    '09:00','18:00','2021-06-01',1800.00,'active'),
(5, 3,12,'Nurse',             'Medical',    'ER Lobby',          '07:00','19:00','2020-02-20',1200.00,'active'),
(6, 3,13,'Doctor',            'Medical',    'Triage Room',       '07:00','19:00','2017-09-05',3500.00,'active'),
(7, 4,17,'Lecturer',          'Academic',   'University Lobby',  '08:00','16:00','2019-09-01',1400.00,'active'),
(8, 4,18,'Dean',              'Management', 'Auditorium',        '08:00','17:00','2015-06-01',3200.00,'active'),
(9, 5,22,'Security Officer',  'Security',   'Departures Hall',   '06:00','14:00','2021-03-15',1100.00,'active'),
(10,5,23,'Check-in Agent',    'Operations', 'Check-in Area',     '06:00','14:00','2020-11-20',1000.00,'active'),
(11,6,27,'Lab Engineer',      'Engineering','Tech Lobby',        '09:00','18:00','2022-01-10',1600.00,'active'),
(12,6,28,'IT Manager',        'IT',         'Lab Room 1',        '09:00','18:00','2018-07-01',2800.00,'active'),
(13,7,32,'Event Coordinator', 'Events',     'Stadium Gate North','10:00','22:00','2020-08-01',1300.00,'active'),
(14,7,33,'Security Guard',    'Security',   'Concourse A',       '08:00','20:00','2021-04-01', 950.00,'active'),
(15,8,36,'Receptionist',      'Hospitality','Hotel Lobby',       '08:00','20:00','2022-03-15',1000.00,'active'),
(16,8,37,'Chef',              'Food',       'Restaurant',        '07:00','15:00','2019-05-20',1500.00,'active'),
(17,9,41,'Store Manager',     'Retail',     'Market Floor',      '08:00','17:00','2020-12-01',1700.00,'active'),
(18,9,42,'Baker',             'Food',       'Bakery Section',    '05:00','13:00','2021-07-15', 900.00,'active'),
(19,10,44,'Researcher',       'Research',   'Research Lobby',    '09:00','18:00','2019-01-15',2000.00,'active'),
(20,10,45,'Lab Technician',   'Research',   'Lab Alpha',         '09:00','18:00','2020-03-01',1300.00,'active'),
(21,1,4,'Security Guard',     'Security',   'Fashion Zone',      '14:00','22:00','2020-06-15', 950.00,'active'),
(22,1,3,'Cleaning Staff',     'Maintenance','Food Court',        '06:00','14:00','2021-09-01', 700.00,'active'),
(23,2,9,'Server Admin',       'IT',         'Server Room',       '08:00','17:00','2022-02-01',2200.00,'active'),
(24,2,10,'Accountant',        'Finance',    'Conference Room 3A','09:00','18:00','2021-11-01',1700.00,'active'),
(25,3,14,'Pharmacist',        'Medical',    'Ward A',            '08:00','16:00','2020-04-10',2100.00,'active'),
(26,3,15,'Nurse',             'Medical',    'Pharmacy',          '07:00','19:00','2021-02-01',1200.00,'active'),
(27,4,19,'Librarian',         'Academic',   'Library',           '08:00','16:00','2019-10-01',1100.00,'active'),
(28,4,20,'Teaching Assistant','Academic',   'Study Hall',        '08:00','16:00','2022-09-01', 900.00,'active'),
(29,5,24,'Gate Agent',        'Operations', 'Gate A Lounge',     '06:00','14:00','2021-01-20',1000.00,'active'),
(30,5,26,'Customs Officer',   'Security',   'Security Zone',     '06:00','14:00','2020-07-15',1200.00,'active'),
(31,6,29,'Researcher',        'Research',   'Lab Room 2',        '09:00','18:00','2021-06-01',1900.00,'active'),
(32,6,30,'Developer',         'IT',         'Meeting Room 3A',   '09:00','18:00','2022-04-01',1700.00,'active'),
(33,7,34,'Usher',             'Events',     'Concourse B',       '10:00','22:00','2021-03-01', 800.00,'active'),
(34,7,35,'VIP Host',          'Hospitality','VIP Lounge',        '12:00','22:00','2020-09-01',1100.00,'active'),
(35,8,38,'Event Manager',     'Events',     'Conference Hall',   '09:00','18:00','2019-11-01',1800.00,'active'),
(36,8,39,'Fitness Trainer',   'Health',     'Gym',               '06:00','14:00','2021-08-15',1000.00,'active'),
(37,9,43,'Sales Associate',   'Retail',     'Clothing Section',  '09:00','18:00','2022-01-20', 900.00,'active'),
(38,9,41,'Cashier',           'Retail',     'Market Floor',      '09:00','18:00','2021-05-10', 850.00,'active'),
(39,10,46,'Researcher',       'Research',   'Lab Beta',          '09:00','18:00','2020-06-01',2000.00,'active'),
(40,10,47,'Seminar Host',     'Academic',   'Seminar Room',      '09:00','17:00','2022-07-01',1100.00,'active'),
(41,1,5,'Retail Staff',       'Retail',     'Cinema Lobby',      '10:00','19:00','2022-03-10', 850.00,'active'),
(42,2,11,'HR Manager',        'HR',         'Executive Lounge',  '09:00','18:00','2018-11-01',2300.00,'active'),
(43,3,16,'IT Technician',     'IT',         'Pharmacy',          '08:00','16:00','2022-05-01',1100.00,'active'),
(44,4,21,'Computer Lab Tech', 'IT',         'Computer Lab',      '08:00','16:00','2022-06-01',1100.00,'active'),
(45,5,25,'Lounge Attendant',  'Hospitality','Gate B Lounge',     '08:00','16:00','2021-12-01', 950.00,'active');
GO

-- INCIDENT (45 rows)
INSERT INTO INCIDENT (building_id, incident_type, severity_level, start_time, end_time, status, description) VALUES
(1,'fire',     'high',     '2024-01-15 10:30:00','2024-01-15 12:00:00','resolved','Kitchen fire in food court'),
(2,'gas leak', 'critical', '2024-02-10 09:00:00','2024-02-10 11:30:00','resolved','Gas leak on floor 2'),
(3,'fire',     'high',     '2024-03-05 14:00:00',NULL,                 'active',  'Fire in Ward B'),
(4,'flood',    'medium',   '2024-04-20 08:00:00','2024-04-20 10:00:00','resolved','Pipe burst in basement'),
(5,'security', 'low',      '2024-05-01 07:30:00','2024-05-01 08:00:00','resolved','Suspicious package alert'),
(6,'fire',     'critical', '2024-06-12 11:00:00',NULL,                 'active',  'Electrical fire in lab'),
(7,'fire',     'high',     '2024-07-04 20:00:00','2024-07-04 22:00:00','resolved','Fireworks accident'),
(8,'gas leak', 'medium',   '2024-08-18 15:00:00','2024-08-18 17:00:00','resolved','Gas leak in restaurant'),
(9,'fire',     'high',     '2024-09-22 13:00:00',NULL,                 'active',  'Fire in electronics section'),
(10,'flood',   'low',      '2024-10-10 06:00:00','2024-10-10 07:30:00','resolved','Water leak in lab alpha'),
(1,'gas leak', 'medium',   '2024-11-05 09:00:00','2024-11-05 10:30:00','resolved','Gas smell near parking'),
(2,'fire',     'high',     '2024-11-20 16:00:00',NULL,                 'active',  'Server room fire floor 3'),
(3,'security', 'low',      '2024-12-01 11:00:00','2024-12-01 11:45:00','resolved','Unauthorised access attempt'),
(4,'fire',     'medium',   '2024-12-15 09:00:00','2024-12-15 10:30:00','resolved','Small fire in computer lab'),
(5,'fire',     'critical', '2025-01-08 05:00:00','2025-01-08 08:00:00','resolved','Fire in departures hall'),
(6,'flood',    'low',      '2025-01-20 14:00:00','2025-01-20 15:00:00','resolved','Water pipe burst lab 2'),
(7,'gas leak', 'medium',   '2025-02-05 10:00:00','2025-02-05 11:30:00','resolved','Gas smell in concourse'),
(8,'fire',     'low',      '2025-02-14 18:00:00','2025-02-14 19:30:00','resolved','Small kitchen fire'),
(9,'security', 'medium',   '2025-02-28 09:00:00',NULL,                 'active',  'Unauthorised entry alert'),
(10,'fire',    'low',      '2025-03-01 08:00:00','2025-03-01 09:00:00','resolved','Fire alarm false trigger'),
(1,'flood',    'medium',   '2025-03-10 11:00:00','2025-03-10 13:00:00','resolved','Flooding near parking'),
(2,'flood',    'medium',   '2025-03-15 10:00:00','2025-03-15 12:00:00','resolved','Flooding on floor 4'),
(3,'fire',     'low',      '2025-03-20 16:00:00','2025-03-20 17:00:00','resolved','Small fire in pharmacy'),
(4,'security', 'low',      '2025-03-25 10:00:00','2025-03-25 10:30:00','resolved','Security false alarm'),
(5,'flood',    'low',      '2025-04-01 07:00:00','2025-04-01 08:00:00','resolved','Water leak at check-in'),
(6,'fire',     'medium',   '2025-04-05 11:00:00',NULL,                 'active',  'Fire alert in meeting room'),
(7,'fire',     'low',      '2025-04-08 20:00:00','2025-04-08 21:00:00','resolved','Small fire in media room'),
(8,'gas leak', 'low',      '2025-04-12 09:00:00','2025-04-12 10:00:00','resolved','Gas smell near spa'),
(9,'fire',     'medium',   '2025-04-18 14:00:00',NULL,                 'active',  'Fire in clothing section'),
(10,'gas leak','medium',   '2025-04-22 09:00:00',NULL,                 'active',  'Gas alert lab beta'),
(1,'security', 'medium',   '2025-04-25 17:00:00','2025-04-25 18:00:00','resolved','Security breach at mall'),
(2,'fire',     'low',      '2025-04-28 11:00:00','2025-04-28 12:00:00','resolved','Fire alarm triggered'),
(3,'flood',    'medium',   '2025-05-01 08:00:00','2025-05-01 10:00:00','resolved','Flooding in ward corridor'),
(4,'gas leak', 'medium',   '2025-05-05 09:00:00','2025-05-05 10:30:00','resolved','Gas alert university lab'),
(5,'fire',     'low',      '2025-05-08 13:00:00','2025-05-08 14:00:00','resolved','Fire near security zone'),
(6,'security', 'low',      '2025-05-10 10:00:00','2025-05-10 10:30:00','resolved','Access control cleared'),
(7,'flood',    'low',      '2025-05-12 15:00:00','2025-05-12 16:00:00','resolved','Minor flood concourse B'),
(8,'fire',     'medium',   '2025-05-15 11:00:00',NULL,                 'active',  'Fire alert hotel floor 3'),
(9,'gas leak', 'low',      '2025-05-18 08:00:00','2025-05-18 09:00:00','resolved','Gas smell at bakery'),
(1,'fire',     'medium',   '2025-05-20 14:00:00',NULL,                 'active',  'Smoke alarm floor 3 mall'),
(2,'security', 'high',     '2025-05-22 09:00:00',NULL,                 'active',  'Security threat office'),
(3,'fire',     'critical', '2025-05-25 07:00:00',NULL,                 'active',  'Major fire hospital floor 2'),
(4,'flood',    'high',     '2025-05-27 06:00:00',NULL,                 'active',  'Major flooding university'),
(5,'fire',     'critical', '2025-05-29 11:00:00','2025-05-29 13:00:00','resolved','Fire at gate B area'),
(10,'fire',    'high',     '2025-05-30 09:00:00',NULL,                 'active',  'Fire in research lab beta');
GO

-- EVACUATION_ROUTE (45 rows)
INSERT INTO EVACUATION_ROUTE (incident_id,user_id,start_floor_id,destination_exit_id,created_at,route_status) VALUES
(1,  2,  3,  5,  '2024-01-15 10:31:00','completed'),
(1,  21, 3,  6,  '2024-01-15 10:32:00','completed'),
(1,  22, 4,  7,  '2024-01-15 10:33:00','completed'),
(1,  31, 2,  3,  '2024-01-15 10:34:00','completed'),
(2,  4,  7,  11, '2024-02-10 09:01:00','completed'),
(2,  22, 7,  12, '2024-02-10 09:02:00','completed'),
(2,  32, 8,  15, '2024-02-10 09:03:00','abandoned'),
(2,  42, 6,  11, '2024-02-10 09:04:00','completed'),
(3,  5,  11, 19, '2024-03-05 14:01:00','generated'),
(3,  23, 12, 21, '2024-03-05 14:02:00','generated'),
(3,  33, 12, 22, '2024-03-05 14:03:00','generated'),
(3,  43, 13, 23, '2024-03-05 14:04:00','generated'),
(4,  7,  16, 26, '2024-04-20 08:01:00','completed'),
(4,  24, 17, 28, '2024-04-20 08:02:00','completed'),
(4,  34, 18, 30, '2024-04-20 08:03:00','completed'),
(4,  44, 16, 27, '2024-04-20 08:04:00','completed'),
(5,  9,  21, 31, '2024-05-01 07:31:00','completed'),
(5,  25, 22, 33, '2024-05-01 07:32:00','completed'),
(5,  35, 22, 34, '2024-05-01 07:33:00','completed'),
(5,  45, 21, 31, '2024-05-01 07:34:00','completed'),
(6,  11, 26, 36, '2024-06-12 11:01:00','generated'),
(6,  26, 27, 38, '2024-06-12 11:02:00','generated'),
(6,  36, 27, 39, '2024-06-12 11:03:00','generated'),
(7,  13, 31, 41, '2024-07-04 20:01:00','completed'),
(7,  27, 32, 43, '2024-07-04 20:02:00','completed'),
(7,  37, 32, 42, '2024-07-04 20:03:00','completed'),
(8,  15, 36, 45, '2024-08-18 15:01:00','completed'),
(8,  28, 37, 47, '2024-08-18 15:02:00','completed'),
(8,  38, 36, 45, '2024-08-18 15:03:00','completed'),
(9,  17, 41, 48, '2024-09-22 13:01:00','generated'),
(9,  29, 42, 49, '2024-09-22 13:02:00','generated'),
(9,  39, 41, 48, '2024-09-22 13:03:00','generated'),
(10, 19, 45, 50, '2024-10-10 06:01:00','completed'),
(10, 30, 46, 50, '2024-10-10 06:02:00','completed'),
(11, 2,  1,  1,  '2024-11-05 09:01:00','completed'),
(12, 4,  8,  13, '2024-11-20 16:01:00','generated'),
(13, 6,  11, 20, '2024-12-01 11:01:00','completed'),
(14, 8,  17, 29, '2024-12-15 09:01:00','completed'),
(15, 10, 22, 32, '2025-01-08 05:01:00','completed'),
(16, 12, 27, 37, '2025-01-20 14:01:00','completed'),
(17, 14, 31, 41, '2025-02-05 10:01:00','completed'),
(18, 16, 37, 46, '2025-02-14 18:01:00','completed'),
(19, 18, 41, 48, '2025-02-28 09:01:00','generated'),
(20, 20, 45, 50, '2025-03-01 08:01:00','completed'),
(26, 11, 27, 37, '2025-04-05 11:01:00','generated');
GO

-- ROUTE_STEP (45 rows)
INSERT INTO ROUTE_STEP (route_id,step_number,floor_id,zone_id,instruction_text) VALUES
(1,1,3,3,'Exit the Food Court and turn toward the emergency sign'),
(1,2,3,4,'Walk through Fashion Zone toward the stairwell'),
(1,3,2,2,'Descend to floor 1 and exit via Main Entrance'),
(2,1,3,4,'Leave Fashion Zone and head to the stairwell'),
(2,2,2,2,'Exit through Side Entrance to the assembly point'),
(3,1,4,5,'Leave Cinema Lobby and proceed to emergency exit'),
(3,2,4,5,'Use Cinema Emergency Exit and descend outside'),
(4,1,2,2,'Walk directly to Main Entrance and exit'),
(5,1,7,8,'Leave Open Office 2A and go to the corridor'),
(5,2,7,9,'Turn right at Server Room and take stairwell down'),
(5,3,6,7,'Exit via Reception Emergency on ground floor'),
(6,1,7,8,'Exit Open Office and head to emergency stairwell'),
(6,2,6,7,'Descend to reception floor and use fire escape'),
(7,1,8,10,'Leave Floor 3 and proceed to emergency exit on the right'),
(7,2,7,8,'Take stairwell down to floor 2'),
(7,3,6,7,'Exit via Reception Emergency on ground floor'),
(8,1,6,7,'Walk to reception and use Reception Exit directly'),
(9,1,11,12,'Leave ER Lobby following emergency arrows'),
(9,2,11,13,'Use Triage Emergency Exit and proceed outside'),
(10,1,12,14,'Exit Ward A and proceed to stairwell at corridor end'),
(10,2,11,12,'Descend to floor 1 and use ER Main Exit'),
(11,1,12,15,'Exit Ward B and follow emergency arrows'),
(11,2,11,12,'Use ER Main Exit on ground floor'),
(12,1,13,16,'Leave Pharmacy and walk toward stairwell'),
(12,2,11,12,'Exit via ER Main Exit'),
(13,1,16,17,'Exit University Lobby through the main door'),
(13,2,16,17,'Proceed to assembly point in the courtyard'),
(14,1,17,19,'Leave Library and turn left toward stairwell'),
(14,2,16,17,'Descend to floor 1 and use University Main Exit'),
(15,1,18,20,'Exit Study Hall and follow corridor signs'),
(15,2,17,19,'Turn right at Library and go to stairwell'),
(15,3,16,17,'Exit via University Main Exit'),
(16,1,16,18,'Leave Auditorium and head toward main lobby'),
(16,2,16,17,'Use University Main Exit directly'),
(17,1,21,22,'Exit Departures Hall via Exit A following arrows'),
(17,2,21,22,'Proceed to open area outside the terminal'),
(18,1,22,24,'Leave Gate A Lounge and head to corridor'),
(18,2,21,22,'Proceed to Departures Hall and use main exit'),
(19,1,22,25,'Leave Gate B Lounge and follow emergency signs'),
(19,2,21,23,'Use Check-in Emergency Exit on ground floor'),
(20,1,21,22,'Exit Departures Hall via Exit A'),
(21,1,26,27,'Exit Tech Lobby and turn left into corridor'),
(21,2,26,28,'Use Lab 1 Emergency exit at corridor end'),
(22,1,27,29,'Leave Lab Room 2 and proceed to stairwell'),
(22,2,26,27,'Use Tech Lobby Exit on floor 1');
GO

-- USER_LOCATION (45 rows)
INSERT INTO USER_LOCATION (user_id,beacon_id,floor_id,zone_id,detected_at) VALUES
(2,  3,  3,  3,  '2024-01-15 10:29:00'),
(21, 4,  3,  4,  '2024-01-15 10:30:00'),
(22, 5,  4,  5,  '2024-01-15 10:31:00'),
(31, 2,  2,  2,  '2024-01-15 10:30:00'),
(4,  8,  7,  8,  '2024-02-10 08:58:00'),
(22, 8,  7,  8,  '2024-02-10 09:00:00'),
(32, 10, 8,  10, '2024-02-10 09:01:00'),
(42, 7,  6,  7,  '2024-02-10 08:59:00'),
(5,  13, 11, 12, '2024-03-05 13:59:00'),
(23, 15, 12, 14, '2024-03-05 14:00:00'),
(33, 16, 12, 15, '2024-03-05 14:01:00'),
(43, 17, 13, 16, '2024-03-05 14:00:00'),
(7,  19, 16, 17, '2024-04-20 07:59:00'),
(24, 21, 17, 19, '2024-04-20 08:00:00'),
(34, 22, 17, 20, '2024-04-20 08:01:00'),
(44, 23, 18, 21, '2024-04-20 07:58:00'),
(9,  24, 21, 22, '2024-05-01 07:30:00'),
(25, 26, 22, 24, '2024-05-01 07:31:00'),
(35, 27, 22, 25, '2024-05-01 07:32:00'),
(45, 25, 22, 25, '2024-05-01 07:30:00'),
(11, 29, 26, 27, '2024-06-12 11:00:00'),
(26, 31, 27, 29, '2024-06-12 11:01:00'),
(36, 32, 27, 30, '2024-06-12 11:02:00'),
(13, 34, 31, 32, '2024-07-04 19:58:00'),
(27, 36, 32, 34, '2024-07-04 19:59:00'),
(37, 37, 32, 35, '2024-07-04 20:00:00'),
(15, 39, 36, 36, '2024-08-18 14:58:00'),
(28, 41, 37, 38, '2024-08-18 14:59:00'),
(38, 42, 37, 39, '2024-08-18 15:00:00'),
(17, 44, 41, 41, '2024-09-22 13:00:00'),
(29, 46, 42, 43, '2024-09-22 13:01:00'),
(39, 44, 41, 41, '2024-09-22 13:02:00'),
(19, 47, 45, 44, '2024-10-10 05:58:00'),
(30, 49, 46, 46, '2024-10-10 05:59:00'),
(2,  1,  1,  1,  '2024-11-05 09:00:00'),
(4,  9,  8,  10, '2024-11-20 15:58:00'),
(6,  13, 11, 12, '2024-12-01 10:58:00'),
(8,  20, 17, 19, '2024-12-15 09:00:00'),
(10, 25, 22, 24, '2025-01-08 04:58:00'),
(12, 30, 27, 29, '2025-01-20 14:00:00'),
(14, 34, 31, 32, '2025-02-05 10:00:00'),
(16, 41, 37, 38, '2025-02-14 18:00:00'),
(18, 44, 41, 41, '2025-02-28 09:00:00'),
(20, 48, 45, 44, '2025-03-01 08:00:00'),
(11, 30, 27, 29, '2025-04-05 11:00:00');
GO

-- NODE (45 rows)
-- node_id values assigned by IDENTITY(1,1) in order of insertion:
-- nodes 1-5   = floor_id 1-5   (Building 1 Grand Mall)
-- nodes 6-10  = floor_id 6-10  (Building 2 Tower One)
-- nodes 11-15 = floor_id 11-15 (Building 3 City Hospital)
-- nodes 16-20 = floor_id 16-20 (Building 4 State University)
-- nodes 21-25 = floor_id 21-25 (Building 5 Airport)
-- nodes 26-30 = floor_id 26-30 (Building 6 Tech Hub)
-- nodes 31-35 = floor_id 31-35 (Building 7 Stadium)
-- nodes 36-40 = floor_id 36-40 (Building 8 Royal Hotel)
-- nodes 41-43 = floor_id 41-43 (Building 9 Mega Market)
-- node 44     = floor_id 45    (Building 10 Science Academy lobby)
-- node 45     = floor_id 46    (Building 10 Science Academy lab)
INSERT INTO NODE (floor_id, node_type) VALUES
(1,'intersection'),(2,'lobby'),(3,'room'),(4,'intersection'),(5,'exit'),
(6,'lobby'),(7,'room'),(8,'room'),(9,'intersection'),(10,'exit'),
(11,'lobby'),(12,'room'),(13,'room'),(14,'intersection'),(15,'exit'),
(16,'lobby'),(17,'room'),(18,'room'),(19,'intersection'),(20,'exit'),
(21,'lobby'),(22,'room'),(23,'room'),(24,'intersection'),(25,'exit'),
(26,'lobby'),(27,'room'),(28,'room'),(29,'intersection'),(30,'exit'),
(31,'lobby'),(32,'room'),(33,'room'),(34,'intersection'),(35,'exit'),
(36,'lobby'),(37,'room'),(38,'room'),(39,'intersection'),(40,'exit'),
(41,'lobby'),(42,'room'),(43,'room'),
(45,'lobby'),(46,'room');
GO

-- EDGE (45 rows)
-- Last two edges use node 44 (floor_id 45, Research Lobby) and
-- node 45 (floor_id 46, Lab Beta) — both exist from NODE insert above.
INSERT INTO EDGE (from_node, to_node, distance) VALUES
(1,2,10.5),(2,3,8.0),(3,4,6.5),(4,5,5.0),(1,5,18.0),
(6,7,12.0),(7,8,9.0),(8,9,7.0),(9,10,4.5),(6,10,20.0),
(11,12,8.5),(12,13,6.0),(13,14,5.5),(14,15,4.0),(11,15,16.0),
(16,17,11.0),(17,18,8.5),(18,19,6.0),(19,20,5.0),(16,20,22.0),
(21,22,14.0),(22,23,10.0),(23,24,8.0),(24,25,6.5),(21,25,25.0),
(26,27,9.0),(27,28,7.5),(28,29,5.5),(29,30,4.0),(26,30,18.0),
(31,32,13.0),(32,33,10.0),(33,34,8.0),(34,35,6.0),(31,35,22.0),
(36,37,8.0),(37,38,6.0),(38,39,5.0),(39,40,4.0),(36,40,15.0),
(41,42,10.0),(42,43,8.0),(41,43,15.0),
(44,45,7.0),(44,43,12.0);
GO


-- ================================================================